"","Sample","Abundance","aa","Group"
"1","P03-D01-NEC",2.93255131964809,"Proteobacteria","COPD_IFNnegative"
"2","P02-A05-HLM167",2.59513502744018,"Firmicutes","COPD_IFNnegative"
"3","P01-D01-HLM079",2.15639201084771,"Proteobacteria","COPD_IFNnegative"
"4","P02-B08-HLM003",2.09079267092416,"Firmicutes","COPD_IFNnegative"
"5","P02-H02-HLM176",2.0709122511037,"Firmicutes","COPD_IFNnegative"
"6","P01-E06-HLM100",2.01924706214315,"Firmicutes","COPD_IFNnegative"
"7","P02-B01-HLM145",1.95368289111321,"Proteobacteria","COPD_IFNnegative"
"8","P01-B10-HLM020",1.95177881201971,"Firmicutes","COPD_IFNnegative"
"9","P01-C09-HLM035",1.86766779572315,"Firmicutes","COPD_IFNnegative"
"10","P01-A06-HLM094",1.85933432936149,"Firmicutes","COPD_IFNnegative"
"11","P01-E10-HLM023",1.79121803811652,"Firmicutes","COPD_IFNnegative"
"12","P02-A01-HLM146",1.78926086751015,"Firmicutes","COPD_IFNnegative"
"13","P01-D04-HLM073",1.78617073610881,"Firmicutes","COPD_IFNnegative"
"14","P01-H01-HLM063",1.78105141060316,"Firmicutes","COPD_IFNnegative"
"15","P02-H06-HLM152",1.68063249250662,"Firmicutes","COPD_IFNnegative"
"16","P01-H11-HLM124",1.66597376417164,"Firmicutes","COPD_IFNnegative"
"17","P01-H04-HLM110",1.65281579550831,"Firmicutes","COPD_IFNnegative"
"18","P01-G03-HLM067",1.63271217418469,"Firmicutes","COPD_IFNnegative"
"19","P02-B04-HLM001",1.60865732728462,"Firmicutes","COPD_IFNnegative"
"20","P01-F12-HLM140",1.60734091628225,"Firmicutes","COPD_IFNnegative"
"21","P01-A12-HLM131",1.59129876265347,"Proteobacteria","COPD_IFNnegative"
"22","P01-A12-HLM131",1.57654190575783,"Firmicutes","COPD_IFNnegative"
"23","P01-D07-HLM105",1.56442732934204,"Firmicutes","COPD_IFNnegative"
"24","P02-H04-HLM162",1.52956332950526,"Firmicutes","COPD_IFNnegative"
"25","P01-E07-HLM103",1.49059121594582,"Firmicutes","COPD_IFNnegative"
"26","P01-A11-HLM137",1.45855704938219,"Firmicutes","COPD_IFNnegative"
"27","P01-H08-HLM052",1.45611078731977,"Firmicutes","COPD_IFNnegative"
"28","P01-E02-HLM042",1.45028204643138,"Firmicutes","COPD_IFNnegative"
"29","P01-G05-HLM083",1.3148268166876,"Firmicutes","COPD_IFNnegative"
"30","P01-F01-HLM066",1.31383454782293,"Firmicutes","COPD_IFNnegative"
"31","P01-H01-HLM063",1.24808969369132,"Bacteroidota","COPD_IFNnegative"
"32","P01-D08-HLM086",1.15330916638286,"Firmicutes","COPD_IFNnegative"
"33","P01-E07-HLM103",1.12769344724867,"Bacteroidota","COPD_IFNnegative"
"34","P02-A09-HLM134",1.10402957372724,"Firmicutes","COPD_IFNnegative"
"35","P01-E10-HLM023",1.10303993319777,"Bacteroidota","COPD_IFNnegative"
"36","P02-A09-HLM134",1.0948261316399,"Bacteroidota","COPD_IFNnegative"
"37","P01-G05-HLM083",1.01265801640965,"Proteobacteria","COPD_IFNnegative"
"38","P01-G03-HLM067",0.989370195133103,"Bacteroidota","COPD_IFNnegative"
"39","P02-B04-HLM001",0.988696341709913,"Proteobacteria","COPD_IFNnegative"
"40","P01-H11-HLM124",0.976791999582922,"Bacteroidota","COPD_IFNnegative"
"41","P01-D04-HLM073",0.896818196425879,"Bacteroidota","COPD_IFNnegative"
"42","P01-A11-HLM137",0.871884082871583,"Bacteroidota","COPD_IFNnegative"
"43","P02-H04-HLM162",0.869838127826239,"Bacteroidota","COPD_IFNnegative"
"44","P01-A06-HLM094",0.857827203017197,"Bacteroidota","COPD_IFNnegative"
"45","P02-H06-HLM152",0.833981854403655,"Bacteroidota","COPD_IFNnegative"
"46","P01-D01-HLM079",0.819477600480239,"Firmicutes","COPD_IFNnegative"
"47","P01-B10-HLM020",0.795367019845939,"Proteobacteria","COPD_IFNnegative"
"48","P01-H08-HLM052",0.788634290347921,"Bacteroidota","COPD_IFNnegative"
"49","P01-D08-HLM086",0.755766991606948,"Fusobacteriota","COPD_IFNnegative"
"50","P01-E02-HLM042",0.738408195925301,"Bacteroidota","COPD_IFNnegative"
"51","P01-H04-HLM110",0.722490079912221,"Bacteroidota","COPD_IFNnegative"
"52","P02-B01-HLM145",0.708677075863399,"Firmicutes","COPD_IFNnegative"
"53","P01-D07-HLM105",0.704089347045688,"Bacteroidota","COPD_IFNnegative"
"54","P01-F01-HLM066",0.677298250485156,"Fusobacteriota","COPD_IFNnegative"
"55","P01-F01-HLM066",0.661938673936866,"Bacteroidota","COPD_IFNnegative"
"56","P01-H08-HLM052",0.612282391100525,"Proteobacteria","COPD_IFNnegative"
"57","P01-C09-HLM035",0.604020991728329,"Bacteroidota","COPD_IFNnegative"
"58","P01-E06-HLM100",0.600552554893689,"Fusobacteriota","COPD_IFNnegative"
"59","P02-H02-HLM176",0.593206776031595,"Proteobacteria","COPD_IFNnegative"
"60","P02-A01-HLM146",0.58913708272801,"Proteobacteria","COPD_IFNnegative"
"61","P01-D08-HLM086",0.583965293739001,"Bacteroidota","COPD_IFNnegative"
"62","P01-G05-HLM083",0.548714488066921,"Bacteroidota","COPD_IFNnegative"
"63","P02-A01-HLM146",0.530990340684615,"Bacteroidota","COPD_IFNnegative"
"64","P02-A09-HLM134",0.525107501316604,"Fusobacteriota","COPD_IFNnegative"
"65","P01-F01-HLM066",0.516022696728115,"Actinobacteriota","COPD_IFNnegative"
"66","P01-D08-HLM086",0.484824926313387,"Proteobacteria","COPD_IFNnegative"
"67","P01-E07-HLM103",0.480516664556584,"Proteobacteria","COPD_IFNnegative"
"68","P01-F12-HLM140",0.471697170549736,"Proteobacteria","COPD_IFNnegative"
"69","P01-H04-HLM110",0.436570944229803,"Actinobacteriota","COPD_IFNnegative"
"70","P02-B08-HLM003",0.435391286272203,"Bacteroidota","COPD_IFNnegative"
"71","P01-F12-HLM140",0.414875014571919,"Bacteroidota","COPD_IFNnegative"
"72","P01-A11-HLM137",0.403691135833226,"Fusobacteriota","COPD_IFNnegative"
"73","P01-E02-HLM042",0.400209128725519,"Fusobacteriota","COPD_IFNnegative"
"74","P01-E02-HLM042",0.391805896088854,"Proteobacteria","COPD_IFNnegative"
"75","P02-H04-HLM162",0.391427157521808,"Proteobacteria","COPD_IFNnegative"
"76","P01-D07-HLM105",0.391397978860821,"Fusobacteriota","COPD_IFNnegative"
"77","P01-F12-HLM140",0.371375755658068,"Actinobacteriota","COPD_IFNnegative"
"78","P01-D07-HLM105",0.37004723367129,"Proteobacteria","COPD_IFNnegative"
"79","P01-F12-HLM140",0.35458890535747,"Fusobacteriota","COPD_IFNnegative"
"80","P01-C09-HLM035",0.349801567111021,"Proteobacteria","COPD_IFNnegative"
"81","P02-A09-HLM134",0.33963257813978,"Actinobacteriota","COPD_IFNnegative"
"82","P02-H06-HLM152",0.302380199944035,"Proteobacteria","COPD_IFNnegative"
"83","P01-A11-HLM137",0.301533439285254,"Actinobacteriota","COPD_IFNnegative"
"84","P01-C09-HLM035",0.29274302577447,"Actinobacteriota","COPD_IFNnegative"
"85","P01-H08-HLM052",0.288561437295695,"Fusobacteriota","COPD_IFNnegative"
"86","P01-D04-HLM073",0.287304181014983,"Actinobacteriota","COPD_IFNnegative"
"87","P01-E06-HLM100",0.280640870590306,"Bacteroidota","COPD_IFNnegative"
"88","P02-H02-HLM176",0.273610335551802,"Bacteroidota","COPD_IFNnegative"
"89","P02-B08-HLM003",0.265982372263117,"Actinobacteriota","COPD_IFNnegative"
"90","P01-G03-HLM067",0.263321368169952,"Actinobacteriota","COPD_IFNnegative"
"91","P01-G03-HLM067",0.254105120284004,"Fusobacteriota","COPD_IFNnegative"
"92","P01-G05-HLM083",0.249301787957346,"Fusobacteriota","COPD_IFNnegative"
"93","P02-B04-HLM001",0.247218936468202,"Bacteroidota","COPD_IFNnegative"
"94","P02-B01-HLM145",0.239841391321116,"Actinobacteriota","COPD_IFNnegative"
"95","P01-B10-HLM020",0.237431590448577,"Bacteroidota","COPD_IFNnegative"
"96","P03-D01-NEC",0.234604105571847,"Actinobacteriota","COPD_IFNnegative"
"97","P02-B08-HLM003",0.232742682971518,"Fusobacteriota","COPD_IFNnegative"
"98","P02-B01-HLM145",0.2314047594656,"Bacteroidota","COPD_IFNnegative"
"99","P01-H11-HLM124",0.2259174051314,"Fusobacteriota","COPD_IFNnegative"
"100","P02-H04-HLM162",0.223513135143459,"Fusobacteriota","COPD_IFNnegative"
"101","P01-E02-HLM042",0.218898000899932,"Actinobacteriota","COPD_IFNnegative"
"102","P02-B04-HLM001",0.214746782984352,"Actinobacteriota","COPD_IFNnegative"
"103","P02-A05-HLM167",0.214087772364203,"Proteobacteria","COPD_IFNnegative"
"104","P02-H06-HLM152",0.207921191812346,"Fusobacteriota","COPD_IFNnegative"
"105","P01-A06-HLM094",0.206647220402713,"Fusobacteriota","COPD_IFNnegative"
"106","P01-H04-HLM110",0.20299774844728,"Fusobacteriota","COPD_IFNnegative"
"107","P02-A05-HLM167",0.199525456883592,"Bacteroidota","COPD_IFNnegative"
"108","P02-A01-HLM146",0.195665570618416,"Fusobacteriota","COPD_IFNnegative"
"109","P01-H11-HLM124",0.181201800387936,"Actinobacteriota","COPD_IFNnegative"
"110","P01-A06-HLM094",0.180560768757099,"Proteobacteria","COPD_IFNnegative"
"111","P01-E06-HLM100",0.176718661708848,"Proteobacteria","COPD_IFNnegative"
"112","P02-B08-HLM003",0.173948969131841,"Proteobacteria","COPD_IFNnegative"
"113","P01-E10-HLM023",0.173143247053439,"Fusobacteriota","COPD_IFNnegative"
"114","P01-B10-HLM020",0.167899175641499,"Fusobacteriota","COPD_IFNnegative"
"115","P02-B04-HLM001",0.164752822924503,"Fusobacteriota","COPD_IFNnegative"
"116","P01-D07-HLM105",0.158383709769616,"Actinobacteriota","COPD_IFNnegative"
"117","P01-D04-HLM073",0.15470225131576,"Fusobacteriota","COPD_IFNnegative"
"118","P01-D08-HLM086",0.147105761018222,"Patescibacteria","COPD_IFNnegative"
"119","P02-A05-HLM167",0.139537411023166,"Actinobacteriota","COPD_IFNnegative"
"120","P01-E10-HLM023",0.137756859143612,"Actinobacteriota","COPD_IFNnegative"
"121","P02-H02-HLM176",0.137678763994138,"Fusobacteriota","COPD_IFNnegative"
"122","P01-H11-HLM124",0.133745777416548,"Proteobacteria","COPD_IFNnegative"
"123","P01-H04-HLM110",0.133332172240397,"Proteobacteria","COPD_IFNnegative"
"124","P02-H04-HLM162",0.12941780793739,"Actinobacteriota","COPD_IFNnegative"
"125","P01-E06-HLM100",0.126175669985535,"Actinobacteriota","COPD_IFNnegative"
"126","P02-A09-HLM134",0.121562130903625,"Proteobacteria","COPD_IFNnegative"
"127","P02-H06-HLM152",0.112557270559278,"Patescibacteria","COPD_IFNnegative"
"128","P01-A11-HLM137",0.107097346906633,"Proteobacteria","COPD_IFNnegative"
"129","P01-G05-HLM083",0.0998042333698586,"Actinobacteriota","COPD_IFNnegative"
"130","P01-D01-HLM079",0.0983985578419147,"Fusobacteriota","COPD_IFNnegative"
"131","P01-D08-HLM086",0.0970898022720262,"Actinobacteriota","COPD_IFNnegative"
"132","P02-H02-HLM176",0.0903647928144265,"Actinobacteriota","COPD_IFNnegative"
"133","P01-A06-HLM094",0.0867640288275735,"Actinobacteriota","COPD_IFNnegative"
"134","P02-H06-HLM152",0.0835304419734902,"Actinobacteriota","COPD_IFNnegative"
"135","P02-A01-HLM146",0.0820475501225808,"Actinobacteriota","COPD_IFNnegative"
"136","P01-A11-HLM137",0.0796787079592801,"Patescibacteria","COPD_IFNnegative"
"137","P02-H04-HLM162",0.0744651964835031,"Patescibacteria","COPD_IFNnegative"
"138","P01-H04-HLM110",0.0706331536542014,"Patescibacteria","COPD_IFNnegative"
"139","P01-C09-HLM035",0.0703237436218,"Patescibacteria","COPD_IFNnegative"
"140","P01-D04-HLM073",0.0695640995849391,"Proteobacteria","COPD_IFNnegative"
"141","P02-A05-HLM167",0.0666533842893626,"Fusobacteriota","COPD_IFNnegative"
"142","P01-H08-HLM052",0.0654885589032765,"Actinobacteriota","COPD_IFNnegative"
"143","P01-H01-HLM063",0.0647305231215779,"Proteobacteria","COPD_IFNnegative"
"144","P01-E07-HLM103",0.0639937017682489,"Fusobacteriota","COPD_IFNnegative"
"145","P01-H01-HLM063",0.0575153374233129,"Actinobacteriota","COPD_IFNnegative"
"146","P01-H01-HLM063",0.0573779053147745,"Fusobacteriota","COPD_IFNnegative"
"147","P02-B01-HLM145",0.0560433401830749,"Fusobacteriota","COPD_IFNnegative"
"148","P02-H02-HLM176",0.0559800456646215,"Patescibacteria","COPD_IFNnegative"
"149","P01-E07-HLM103",0.0541709050215592,"Actinobacteriota","COPD_IFNnegative"
"150","P01-G03-HLM067",0.0535021143508949,"Proteobacteria","COPD_IFNnegative"
"151","P01-B10-HLM020",0.0531903331349062,"Actinobacteriota","COPD_IFNnegative"
"152","P01-D01-HLM079",0.0489515937639182,"Bacteroidota","COPD_IFNnegative"
"153","P01-D01-HLM079",0.0486363581095048,"Actinobacteriota","COPD_IFNnegative"
"154","P01-D01-HLM079",0.0417912410422411,"Patescibacteria","COPD_IFNnegative"
"155","P01-C09-HLM035",0.039674463455882,"Fusobacteriota","COPD_IFNnegative"
"156","P01-A12-HLM131",0.0350873467914453,"Actinobacteriota","COPD_IFNnegative"
"157","P02-B01-HLM145",0.0343491439831749,"Patescibacteria","COPD_IFNnegative"
"158","P01-F01-HLM066",0.0330821648732392,"Proteobacteria","COPD_IFNnegative"
"159","P01-D07-HLM105",0.0305703851577383,"Patescibacteria","COPD_IFNnegative"
"160","P03-D01-NEC",0.0293255131964809,"Patescibacteria","COPD_IFNnegative"
"161","P03-D01-NEC",0.0293255131964809,"Verrucomicrobiota","COPD_IFNnegative"
"162","P01-A06-HLM094",0.0289486015126871,"Patescibacteria","COPD_IFNnegative"
"163","P02-A01-HLM146",0.0275572749868233,"Patescibacteria","COPD_IFNnegative"
"164","P01-D04-HLM073",0.0249679248687948,"Patescibacteria","COPD_IFNnegative"
"165","P02-B08-HLM003",0.0235758576731634,"Patescibacteria","COPD_IFNnegative"
"166","P01-G03-HLM067",0.0228610824183913,"Patescibacteria","COPD_IFNnegative"
"167","P01-E02-HLM042",0.0227259838301934,"Patescibacteria","COPD_IFNnegative"
"168","P01-F01-HLM066",0.022153235406187,"Patescibacteria","COPD_IFNnegative"
"169","P02-A09-HLM134",0.0218581749574341,"Campylobacterota","COPD_IFNnegative"
"170","P01-H11-HLM124",0.0217896668854545,"Patescibacteria","COPD_IFNnegative"
"171","P02-A09-HLM134",0.0182790585901349,"Patescibacteria","COPD_IFNnegative"
"172","P01-A12-HLM131",0.0167739812195109,"Fusobacteriota","COPD_IFNnegative"
"173","P01-E06-HLM100",0.0157810492143292,"Patescibacteria","COPD_IFNnegative"
"174","P01-H01-HLM063",0.0142929392879917,"Patescibacteria","COPD_IFNnegative"
"175","P01-H11-HLM124",0.0138357700775739,"Spirochaetota","COPD_IFNnegative"
"176","P02-A05-HLM167",0.0102878049664016,"Patescibacteria","COPD_IFNnegative"
"177","P01-B10-HLM020",0.00992571947716862,"Patescibacteria","COPD_IFNnegative"
"178","P02-A01-HLM146",0.00972085104713186,"Unknown","COPD_IFNnegative"
"179","P01-H08-HLM052",0.00966094822998758,"Patescibacteria","COPD_IFNnegative"
"180","P01-E07-HLM103",0.00763995302520311,"Patescibacteria","COPD_IFNnegative"
"181","P01-D07-HLM105",0.00689046776571245,"Campylobacterota","COPD_IFNnegative"
"182","P01-E10-HLM023",0.00670598571738703,"Campylobacterota","COPD_IFNnegative"
"183","P01-B10-HLM020",0.00652111912879944,"Unknown","COPD_IFNnegative"
"184","P01-H11-HLM124",0.00634974955250975,"Campylobacterota","COPD_IFNnegative"
"185","P01-D04-HLM073",0.00627906229373651,"Campylobacterota","COPD_IFNnegative"
"186","P01-G03-HLM067",0.00622395961128978,"Campylobacterota","COPD_IFNnegative"
"187","P01-D01-HLM079",0.00621464575843672,"Unknown","COPD_IFNnegative"
"188","P01-A06-HLM094",0.00564252402365935,"Campylobacterota","COPD_IFNnegative"
"189","P01-E10-HLM023",0.00515262179415049,"Patescibacteria","COPD_IFNnegative"
"190","P01-H08-HLM052",0.00506803841573119,"Campylobacterota","COPD_IFNnegative"
"191","P01-E10-HLM023",0.00492530024440855,"Spirochaetota","COPD_IFNnegative"
"192","P02-H04-HLM162",0.0043491906391312,"Spirochaetota","COPD_IFNnegative"
"193","P01-E06-HLM100",0.00407252882950431,"Campylobacterota","COPD_IFNnegative"
"194","P01-H04-HLM110",0.00406382527873487,"Campylobacterota","COPD_IFNnegative"
"195","P01-A12-HLM131",0.00371575533343596,"Bacteroidota","COPD_IFNnegative"
"196","P01-G03-HLM067",0.0037104374605766,"Spirochaetota","COPD_IFNnegative"
"197","P01-F12-HLM140",0.0036637966925908,"Patescibacteria","COPD_IFNnegative"
"198","P01-E02-HLM042",0.00331161877307008,"Campylobacterota","COPD_IFNnegative"
"199","P02-H02-HLM176",0.0032847217805708,"Campylobacterota","COPD_IFNnegative"
"200","P01-D01-HLM079",0.00315235654413457,"Campylobacterota","COPD_IFNnegative"
"201","P01-A11-HLM137",0.00307833283220938,"Campylobacterota","COPD_IFNnegative"
"202","P02-H04-HLM162",0.00299741517021204,"Campylobacterota","COPD_IFNnegative"
"203","P01-D08-HLM086",0.0026746502003313,"Campylobacterota","COPD_IFNnegative"
"204","P02-H06-HLM152",0.00250591325920471,"Campylobacterota","COPD_IFNnegative"
"205","P01-D01-HLM079",0.00229671691072661,"Spirochaetota","COPD_IFNnegative"
"206","P01-H01-HLM063",0.0022676297908833,"Campylobacterota","COPD_IFNnegative"
"207","P02-B08-HLM003",0.00214031170072735,"Campylobacterota","COPD_IFNnegative"
"208","P01-E10-HLM023",0.00208378087263439,"Proteobacteria","COPD_IFNnegative"
"209","P01-A12-HLM131",0.00207020654291432,"Patescibacteria","COPD_IFNnegative"
"210","P01-H04-HLM110",0.00203191263936744,"Unknown","COPD_IFNnegative"
"211","P01-B10-HLM020",0.00199038174212352,"Spirochaetota","COPD_IFNnegative"
"212","P01-E06-HLM100",0.00196354068565386,"Spirochaetota","COPD_IFNnegative"
"213","P02-H06-HLM152",0.00187943494440353,"Spirochaetota","COPD_IFNnegative"
"214","P02-B01-HLM145",0.001807849683325,"Campylobacterota","COPD_IFNnegative"
"215","P01-E10-HLM023",0.00174279854802149,"others","COPD_IFNnegative"
"216","P01-C09-HLM035",0.00151429249831611,"Campylobacterota","COPD_IFNnegative"
"217","P01-F01-HLM066",0.00147688236041246,"Campylobacterota","COPD_IFNnegative"
"218","P01-B10-HLM020",0.00136184013934767,"Campylobacterota","COPD_IFNnegative"
"219","P01-F12-HLM140",0.00119906073575699,"Spirochaetota","COPD_IFNnegative"
"220","P02-B08-HLM003",0.00116744274585128,"Unknown","COPD_IFNnegative"
"221","P02-A01-HLM146",0.00115936755607995,"Campylobacterota","COPD_IFNnegative"
"222","P01-E07-HLM103",0.00105504113205186,"Campylobacterota","COPD_IFNnegative"
"223","P01-F12-HLM140",0.000999217279797492,"Campylobacterota","COPD_IFNnegative"
"224","P01-D08-HLM086",0.00098070507345481,"Spirochaetota","COPD_IFNnegative"
"225","P01-H04-HLM110",0.000870819702586044,"Spirochaetota","COPD_IFNnegative"
"226","P02-B04-HLM001",0.000777418039208182,"Patescibacteria","COPD_IFNnegative"
"227","P02-B04-HLM001",0.000598013876313986,"Campylobacterota","COPD_IFNnegative"
"228","P01-E06-HLM100",0.00058178983278633,"others","COPD_IFNnegative"
"229","P02-A05-HLM167",0.000434695984495843,"Campylobacterota","COPD_IFNnegative"
"230","P02-H02-HLM176",0.000419326184753719,"Spirochaetota","COPD_IFNnegative"
"231","P01-H01-HLM063",0.000412296325615146,"Spirochaetota","COPD_IFNnegative"
"232","P01-D01-HLM079",0.000315235654413457,"others","COPD_IFNnegative"
"233","P02-B04-HLM001",0.000299006938156993,"others","COPD_IFNnegative"
"234","P01-A11-HLM137",0.000286356542531105,"Spirochaetota","COPD_IFNnegative"
"235","P02-H02-HLM176",0.000279550789835813,"others","COPD_IFNnegative"
"236","P02-A01-HLM146",0.000267546359095372,"Spirochaetota","COPD_IFNnegative"
"237","P02-A09-HLM134",0.000255651169092796,"Spirochaetota","COPD_IFNnegative"
"238","P01-G05-HLM083",0.000250554560761151,"Campylobacterota","COPD_IFNnegative"
"239","P01-G05-HLM083",0.000250554560761151,"Patescibacteria","COPD_IFNnegative"
"240","P02-H04-HLM162",0.000235091385898984,"others","COPD_IFNnegative"
"241","P01-A12-HLM131",0.000212328876196341,"Campylobacterota","COPD_IFNnegative"
"242","P01-B10-HLM020",0.00020951386759195,"others","COPD_IFNnegative"
"243","P02-H06-HLM152",0.000208826104933726,"others","COPD_IFNnegative"
"244","P01-D01-HLM079",0.000180134659664832,"others","COPD_IFNnegative"
"245","P02-H06-HLM152",0.00013921740328915,"Unknown","COPD_IFNnegative"
"246","P01-H11-HLM124",0.000133678937947574,"others","COPD_IFNnegative"
"247","P02-A09-HLM134",0.000127825584546398,"others","COPD_IFNnegative"
"248","P02-A09-HLM134",0.000127825584546398,"others","COPD_IFNnegative"
"249","P01-E07-HLM103",0.00010914218607433,"Spirochaetota","COPD_IFNnegative"
"250","P01-A12-HLM131",0.00010616443809817,"Unknown","COPD_IFNnegative"
"251","P01-B10-HLM020",0.000104756933795975,"others","COPD_IFNnegative"
"252","P01-D08-HLM086",8.915500667771e-05,"others","COPD_IFNnegative"
"253","P01-E02-HLM042",8.2790469326752e-05,"Spirochaetota","COPD_IFNnegative"
"254","P01-E02-HLM042",8.2790469326752e-05,"others","COPD_IFNnegative"
"255","P01-A06-HLM094",8.17757104878166e-05,"others","COPD_IFNnegative"
"256","P01-E06-HLM100",7.27237290982912e-05,"others","COPD_IFNnegative"
"257","P02-A05-HLM167",7.24493307493072e-05,"others","COPD_IFNnegative"
"258","P02-A05-HLM167",7.24493307493072e-05,"Spirochaetota","COPD_IFNnegative"
"259","P02-H02-HLM176",6.98876974589532e-05,"Unknown","COPD_IFNnegative"
"260","P02-H06-HLM152",6.96087016445752e-05,"others","COPD_IFNnegative"
"261","P01-H01-HLM063",6.8716054269191e-05,"others","COPD_IFNnegative"
"262","P01-H11-HLM124",6.68394689737869e-05,"others","COPD_IFNnegative"
"263","P01-F12-HLM140",6.66144853198328e-05,"others","COPD_IFNnegative"
"264","P02-B08-HLM003",6.48579303250712e-05,"Spirochaetota","COPD_IFNnegative"
"265","P01-C09-HLM035",6.05716999326443e-05,"others","COPD_IFNnegative"
"266","P02-B04-HLM001",5.98013876313986e-05,"others","COPD_IFNnegative"
"267","P01-E10-HLM023",3.78869249569889e-05,"others","COPD_IFNnegative"
"268","P01-E07-HLM103",3.63807286914434e-05,"others","COPD_IFNnegative"
"269","P01-B10-HLM020",2.61892334489937e-05,"others","COPD_IFNnegative"
"270","P03-D01-NEC",0,"Bacteroidota","COPD_IFNnegative"
"271","P01-A11-HLM137",0,"others","COPD_IFNnegative"
"272","P01-A06-HLM094",0,"others","COPD_IFNnegative"
"273","P01-A12-HLM131",0,"others","COPD_IFNnegative"
"274","P01-B10-HLM020",0,"others","COPD_IFNnegative"
"275","P01-C09-HLM035",0,"others","COPD_IFNnegative"
"276","P01-D01-HLM079",0,"others","COPD_IFNnegative"
"277","P01-H04-HLM110",0,"others","COPD_IFNnegative"
"278","P02-B01-HLM145",0,"others","COPD_IFNnegative"
"279","P01-H11-HLM124",0,"others","COPD_IFNnegative"
"280","P01-D07-HLM105",0,"others","COPD_IFNnegative"
"281","P01-E06-HLM100",0,"others","COPD_IFNnegative"
"282","P01-D04-HLM073",0,"others","COPD_IFNnegative"
"283","P01-H08-HLM052",0,"others","COPD_IFNnegative"
"284","P01-D08-HLM086",0,"others","COPD_IFNnegative"
"285","P02-A01-HLM146",0,"others","COPD_IFNnegative"
"286","P01-E07-HLM103",0,"others","COPD_IFNnegative"
"287","P01-E10-HLM023",0,"others","COPD_IFNnegative"
"288","P01-F01-HLM066",0,"others","COPD_IFNnegative"
"289","P02-B08-HLM003",0,"others","COPD_IFNnegative"
"290","P01-F12-HLM140",0,"others","COPD_IFNnegative"
"291","P01-E02-HLM042",0,"others","COPD_IFNnegative"
"292","P02-H02-HLM176",0,"others","COPD_IFNnegative"
"293","P01-H01-HLM063",0,"others","COPD_IFNnegative"
"294","P02-H06-HLM152",0,"others","COPD_IFNnegative"
"295","P01-G03-HLM067",0,"others","COPD_IFNnegative"
"296","P03-D01-NEC",0,"others","COPD_IFNnegative"
"297","P02-H04-HLM162",0,"others","COPD_IFNnegative"
"298","P01-G05-HLM083",0,"others","COPD_IFNnegative"
"299","P03-D01-NEC",0,"Campylobacterota","COPD_IFNnegative"
"300","P01-A11-HLM137",0,"others","COPD_IFNnegative"
"301","P01-A12-HLM131",0,"others","COPD_IFNnegative"
"302","P01-C09-HLM035",0,"others","COPD_IFNnegative"
"303","P01-A06-HLM094",0,"others","COPD_IFNnegative"
"304","P02-H02-HLM176",0,"others","COPD_IFNnegative"
"305","P03-D01-NEC",0,"others","COPD_IFNnegative"
"306","P01-E02-HLM042",0,"others","COPD_IFNnegative"
"307","P01-D01-HLM079",0,"others","COPD_IFNnegative"
"308","P01-D04-HLM073",0,"others","COPD_IFNnegative"
"309","P01-D07-HLM105",0,"others","COPD_IFNnegative"
"310","P02-H04-HLM162",0,"others","COPD_IFNnegative"
"311","P01-F12-HLM140",0,"others","COPD_IFNnegative"
"312","P01-E06-HLM100",0,"others","COPD_IFNnegative"
"313","P01-G05-HLM083",0,"others","COPD_IFNnegative"
"314","P01-E10-HLM023",0,"others","COPD_IFNnegative"
"315","P01-F01-HLM066",0,"others","COPD_IFNnegative"
"316","P01-H08-HLM052",0,"others","COPD_IFNnegative"
"317","P01-D08-HLM086",0,"others","COPD_IFNnegative"
"318","P01-G03-HLM067",0,"others","COPD_IFNnegative"
"319","P01-E07-HLM103",0,"others","COPD_IFNnegative"
"320","P01-H01-HLM063",0,"others","COPD_IFNnegative"
"321","P01-H11-HLM124",0,"others","COPD_IFNnegative"
"322","P02-B04-HLM001",0,"others","COPD_IFNnegative"
"323","P02-A05-HLM167",0,"others","COPD_IFNnegative"
"324","P02-A09-HLM134",0,"others","COPD_IFNnegative"
"325","P02-A01-HLM146",0,"others","COPD_IFNnegative"
"326","P01-H04-HLM110",0,"others","COPD_IFNnegative"
"327","P02-B01-HLM145",0,"others","COPD_IFNnegative"
"328","P02-B08-HLM003",0,"others","COPD_IFNnegative"
"329","P01-A11-HLM137",0,"others","COPD_IFNnegative"
"330","P01-E02-HLM042",0,"others","COPD_IFNnegative"
"331","P01-A06-HLM094",0,"others","COPD_IFNnegative"
"332","P01-D07-HLM105",0,"others","COPD_IFNnegative"
"333","P01-B10-HLM020",0,"others","COPD_IFNnegative"
"334","P01-A12-HLM131",0,"others","COPD_IFNnegative"
"335","P01-E06-HLM100",0,"others","COPD_IFNnegative"
"336","P01-C09-HLM035",0,"others","COPD_IFNnegative"
"337","P01-E10-HLM023",0,"others","COPD_IFNnegative"
"338","P01-D04-HLM073",0,"others","COPD_IFNnegative"
"339","P01-H04-HLM110",0,"others","COPD_IFNnegative"
"340","P01-F01-HLM066",0,"others","COPD_IFNnegative"
"341","P01-F12-HLM140",0,"others","COPD_IFNnegative"
"342","P01-G03-HLM067",0,"others","COPD_IFNnegative"
"343","P03-D01-NEC",0,"others","COPD_IFNnegative"
"344","P01-G05-HLM083",0,"others","COPD_IFNnegative"
"345","P02-A05-HLM167",0,"others","COPD_IFNnegative"
"346","P02-A09-HLM134",0,"others","COPD_IFNnegative"
"347","P01-H01-HLM063",0,"others","COPD_IFNnegative"
"348","P01-H08-HLM052",0,"others","COPD_IFNnegative"
"349","P01-H11-HLM124",0,"others","COPD_IFNnegative"
"350","P02-H02-HLM176",0,"others","COPD_IFNnegative"
"351","P02-A01-HLM146",0,"others","COPD_IFNnegative"
"352","P02-B08-HLM003",0,"others","COPD_IFNnegative"
"353","P02-H06-HLM152",0,"others","COPD_IFNnegative"
"354","P02-B01-HLM145",0,"others","COPD_IFNnegative"
"355","P02-H04-HLM162",0,"others","COPD_IFNnegative"
"356","P01-C09-HLM035",0,"others","COPD_IFNnegative"
"357","P01-D01-HLM079",0,"others","COPD_IFNnegative"
"358","P01-A11-HLM137",0,"others","COPD_IFNnegative"
"359","P01-F01-HLM066",0,"others","COPD_IFNnegative"
"360","P01-A12-HLM131",0,"others","COPD_IFNnegative"
"361","P01-D08-HLM086",0,"others","COPD_IFNnegative"
"362","P01-G05-HLM083",0,"others","COPD_IFNnegative"
"363","P01-A06-HLM094",0,"others","COPD_IFNnegative"
"364","P01-D04-HLM073",0,"others","COPD_IFNnegative"
"365","P01-H04-HLM110",0,"others","COPD_IFNnegative"
"366","P01-D07-HLM105",0,"others","COPD_IFNnegative"
"367","P01-F12-HLM140",0,"others","COPD_IFNnegative"
"368","P01-E02-HLM042",0,"others","COPD_IFNnegative"
"369","P01-G03-HLM067",0,"others","COPD_IFNnegative"
"370","P02-A01-HLM146",0,"others","COPD_IFNnegative"
"371","P01-E07-HLM103",0,"others","COPD_IFNnegative"
"372","P01-H01-HLM063",0,"others","COPD_IFNnegative"
"373","P01-H08-HLM052",0,"others","COPD_IFNnegative"
"374","P02-B01-HLM145",0,"others","COPD_IFNnegative"
"375","P02-B04-HLM001",0,"others","COPD_IFNnegative"
"376","P02-A05-HLM167",0,"others","COPD_IFNnegative"
"377","P03-D01-NEC",0,"others","COPD_IFNnegative"
"378","P02-A09-HLM134",0,"others","COPD_IFNnegative"
"379","P02-H02-HLM176",0,"others","COPD_IFNnegative"
"380","P02-B08-HLM003",0,"others","COPD_IFNnegative"
"381","P02-H04-HLM162",0,"others","COPD_IFNnegative"
"382","P02-H06-HLM152",0,"others","COPD_IFNnegative"
"383","P03-D01-NEC",0,"Firmicutes","COPD_IFNnegative"
"384","P03-D01-NEC",0,"Fusobacteriota","COPD_IFNnegative"
"385","P01-A06-HLM094",0,"Spirochaetota","COPD_IFNnegative"
"386","P01-A12-HLM131",0,"Spirochaetota","COPD_IFNnegative"
"387","P02-B04-HLM001",0,"Spirochaetota","COPD_IFNnegative"
"388","P02-B01-HLM145",0,"Spirochaetota","COPD_IFNnegative"
"389","P01-C09-HLM035",0,"Spirochaetota","COPD_IFNnegative"
"390","P01-H08-HLM052",0,"Spirochaetota","COPD_IFNnegative"
"391","P01-G05-HLM083",0,"Spirochaetota","COPD_IFNnegative"
"392","P01-F01-HLM066",0,"Spirochaetota","COPD_IFNnegative"
"393","P01-D07-HLM105",0,"Spirochaetota","COPD_IFNnegative"
"394","P03-D01-NEC",0,"Spirochaetota","COPD_IFNnegative"
"395","P01-D04-HLM073",0,"Spirochaetota","COPD_IFNnegative"
"396","P01-D08-HLM086",0,"others","COPD_IFNnegative"
"397","P01-D04-HLM073",0,"others","COPD_IFNnegative"
"398","P01-D07-HLM105",0,"others","COPD_IFNnegative"
"399","P01-A11-HLM137",0,"others","COPD_IFNnegative"
"400","P02-B08-HLM003",0,"others","COPD_IFNnegative"
"401","P01-A12-HLM131",0,"others","COPD_IFNnegative"
"402","P02-B01-HLM145",0,"others","COPD_IFNnegative"
"403","P02-A01-HLM146",0,"others","COPD_IFNnegative"
"404","P02-A05-HLM167",0,"others","COPD_IFNnegative"
"405","P01-H04-HLM110",0,"others","COPD_IFNnegative"
"406","P02-B04-HLM001",0,"others","COPD_IFNnegative"
"407","P01-G03-HLM067",0,"others","COPD_IFNnegative"
"408","P01-G05-HLM083",0,"others","COPD_IFNnegative"
"409","P01-E07-HLM103",0,"others","COPD_IFNnegative"
"410","P01-H08-HLM052",0,"others","COPD_IFNnegative"
"411","P01-F01-HLM066",0,"others","COPD_IFNnegative"
"412","P03-D01-NEC",0,"others","COPD_IFNnegative"
"413","P01-E07-HLM103",0,"Unknown","COPD_IFNnegative"
"414","P01-A06-HLM094",0,"Unknown","COPD_IFNnegative"
"415","P01-C09-HLM035",0,"Unknown","COPD_IFNnegative"
"416","P01-A11-HLM137",0,"Unknown","COPD_IFNnegative"
"417","P01-E10-HLM023",0,"Unknown","COPD_IFNnegative"
"418","P01-F01-HLM066",0,"Unknown","COPD_IFNnegative"
"419","P01-D07-HLM105",0,"Unknown","COPD_IFNnegative"
"420","P01-F12-HLM140",0,"Unknown","COPD_IFNnegative"
"421","P01-D08-HLM086",0,"Unknown","COPD_IFNnegative"
"422","P02-A09-HLM134",0,"Unknown","COPD_IFNnegative"
"423","P01-D04-HLM073",0,"Unknown","COPD_IFNnegative"
"424","P01-G03-HLM067",0,"Unknown","COPD_IFNnegative"
"425","P01-E02-HLM042",0,"Unknown","COPD_IFNnegative"
"426","P01-H01-HLM063",0,"Unknown","COPD_IFNnegative"
"427","P02-B01-HLM145",0,"Unknown","COPD_IFNnegative"
"428","P01-H11-HLM124",0,"Unknown","COPD_IFNnegative"
"429","P02-H04-HLM162",0,"Unknown","COPD_IFNnegative"
"430","P02-A05-HLM167",0,"Unknown","COPD_IFNnegative"
"431","P01-G05-HLM083",0,"Unknown","COPD_IFNnegative"
"432","P01-E06-HLM100",0,"Unknown","COPD_IFNnegative"
"433","P02-B04-HLM001",0,"Unknown","COPD_IFNnegative"
"434","P03-D01-NEC",0,"Unknown","COPD_IFNnegative"
"435","P01-H08-HLM052",0,"Unknown","COPD_IFNnegative"
"436","P01-H08-HLM052",0,"Verrucomicrobiota","COPD_IFNnegative"
"437","P01-C09-HLM035",0,"Verrucomicrobiota","COPD_IFNnegative"
"438","P02-H06-HLM152",0,"Verrucomicrobiota","COPD_IFNnegative"
"439","P01-E07-HLM103",0,"Verrucomicrobiota","COPD_IFNnegative"
"440","P01-H01-HLM063",0,"Verrucomicrobiota","COPD_IFNnegative"
"441","P01-D01-HLM079",0,"Verrucomicrobiota","COPD_IFNnegative"
"442","P01-A06-HLM094",0,"Verrucomicrobiota","COPD_IFNnegative"
"443","P01-F01-HLM066",0,"Verrucomicrobiota","COPD_IFNnegative"
"444","P01-H11-HLM124",0,"Verrucomicrobiota","COPD_IFNnegative"
"445","P01-D07-HLM105",0,"Verrucomicrobiota","COPD_IFNnegative"
"446","P01-A11-HLM137",0,"Verrucomicrobiota","COPD_IFNnegative"
"447","P01-E10-HLM023",0,"Verrucomicrobiota","COPD_IFNnegative"
"448","P01-H04-HLM110",0,"Verrucomicrobiota","COPD_IFNnegative"
"449","P01-D04-HLM073",0,"Verrucomicrobiota","COPD_IFNnegative"
"450","P01-F12-HLM140",0,"Verrucomicrobiota","COPD_IFNnegative"
"451","P01-D08-HLM086",0,"Verrucomicrobiota","COPD_IFNnegative"
"452","P01-A12-HLM131",0,"Verrucomicrobiota","COPD_IFNnegative"
"453","P02-A09-HLM134",0,"Verrucomicrobiota","COPD_IFNnegative"
"454","P02-H02-HLM176",0,"Verrucomicrobiota","COPD_IFNnegative"
"455","P02-B08-HLM003",0,"Verrucomicrobiota","COPD_IFNnegative"
"456","P02-A01-HLM146",0,"Verrucomicrobiota","COPD_IFNnegative"
"457","P01-G03-HLM067",0,"Verrucomicrobiota","COPD_IFNnegative"
"458","P01-E02-HLM042",0,"Verrucomicrobiota","COPD_IFNnegative"
"459","P01-B10-HLM020",0,"Verrucomicrobiota","COPD_IFNnegative"
"460","P02-B01-HLM145",0,"Verrucomicrobiota","COPD_IFNnegative"
"461","P02-H04-HLM162",0,"Verrucomicrobiota","COPD_IFNnegative"
"462","P02-A05-HLM167",0,"Verrucomicrobiota","COPD_IFNnegative"
"463","P01-G05-HLM083",0,"Verrucomicrobiota","COPD_IFNnegative"
"464","P01-E06-HLM100",0,"Verrucomicrobiota","COPD_IFNnegative"
"465","P02-B04-HLM001",0,"Verrucomicrobiota","COPD_IFNnegative"
"466","P01-F06-HLM081",8.80491320423639,"Firmicutes","COPD_IFNpositive"
"467","P01-A09-HLM053",8.79999524950491,"Firmicutes","COPD_IFNpositive"
"468","P01-G06-HLM075",8.10174753392419,"Firmicutes","COPD_IFNpositive"
"469","P01-H12-HLM148",7.56431329159125,"Proteobacteria","COPD_IFNpositive"
"470","P02-G03-HLM036",7.10830421929589,"Firmicutes","COPD_IFNpositive"
"471","P01-C01-HLM080",5.92200226107395,"Firmicutes","COPD_IFNpositive"
"472","P01-A07-HLM102",5.31683730068,"Proteobacteria","COPD_IFNpositive"
"473","P01-E12-HLM138",4.19222745085858,"Firmicutes","COPD_IFNpositive"
"474","P01-D06-HLM093",3.79117415287628,"Firmicutes","COPD_IFNpositive"
"475","P01-D06-HLM093",3.5397951142632,"Fusobacteriota","COPD_IFNpositive"
"476","P01-E12-HLM138",3.48334170260276,"Bacteroidota","COPD_IFNpositive"
"477","P02-G03-HLM036",3.30332347935143,"Proteobacteria","COPD_IFNpositive"
"478","P01-C01-HLM080",3.10292356489785,"Bacteroidota","COPD_IFNpositive"
"479","P01-D06-HLM093",2.97911741528763,"Bacteroidota","COPD_IFNpositive"
"480","P01-H12-HLM148",2.86235985597063,"Firmicutes","COPD_IFNpositive"
"481","P01-A07-HLM102",2.20731820914734,"Firmicutes","COPD_IFNpositive"
"482","P01-C01-HLM080",1.84443289694979,"Fusobacteriota","COPD_IFNpositive"
"483","P01-A07-HLM102",1.73801116107343,"Bacteroidota","COPD_IFNpositive"
"484","P01-E12-HLM138",1.60310335961456,"Fusobacteriota","COPD_IFNpositive"
"485","P01-A09-HLM053",1.35893850187199,"Bacteroidota","COPD_IFNpositive"
"486","P01-G06-HLM075",1.32208944348616,"Actinobacteriota","COPD_IFNpositive"
"487","P01-A07-HLM102",1.05412019747817,"Fusobacteriota","COPD_IFNpositive"
"488","P01-E12-HLM138",1.00137877242662,"Actinobacteriota","COPD_IFNpositive"
"489","P01-G06-HLM075",0.987293644750405,"Bacteroidota","COPD_IFNpositive"
"490","P01-E12-HLM138",0.769800224676058,"Proteobacteria","COPD_IFNpositive"
"491","P01-F06-HLM081",0.642699477066839,"Actinobacteriota","COPD_IFNpositive"
"492","P01-F06-HLM081",0.596742634719698,"Fusobacteriota","COPD_IFNpositive"
"493","P01-D06-HLM093",0.56639085894405,"Actinobacteriota","COPD_IFNpositive"
"494","P01-F06-HLM081",0.510399476370524,"Proteobacteria","COPD_IFNpositive"
"495","P01-A07-HLM102",0.491154976331411,"Actinobacteriota","COPD_IFNpositive"
"496","P02-G03-HLM036",0.468561816317796,"Bacteroidota","COPD_IFNpositive"
"497","P01-G06-HLM075",0.453588738153081,"Fusobacteriota","COPD_IFNpositive"
"498","P01-F06-HLM081",0.453301581333166,"Bacteroidota","COPD_IFNpositive"
"499","P01-A09-HLM053",0.355990225856351,"Actinobacteriota","COPD_IFNpositive"
"500","P01-H12-HLM148",0.297502936655645,"Actinobacteriota","COPD_IFNpositive"
"501","P01-A07-HLM102",0.288257161971056,"Patescibacteria","COPD_IFNpositive"
"502","P01-A09-HLM053",0.278794680633122,"Fusobacteriota","COPD_IFNpositive"
"503","P01-A09-HLM053",0.230695917840187,"Patescibacteria","COPD_IFNpositive"
"504","P01-C01-HLM080",0.215677400249202,"Actinobacteriota","COPD_IFNpositive"
"505","P01-G06-HLM075",0.197873122924793,"Proteobacteria","COPD_IFNpositive"
"506","P01-H12-HLM148",0.174920214637017,"Bacteroidota","COPD_IFNpositive"
"507","P02-G03-HLM036",0.172693521255736,"Actinobacteriota","COPD_IFNpositive"
"508","P01-H12-HLM148",0.155946541141959,"Patescibacteria","COPD_IFNpositive"
"509","P01-D06-HLM093",0.105988967691095,"Proteobacteria","COPD_IFNpositive"
"510","P01-F06-HLM081",0.0946989478668366,"Patescibacteria","COPD_IFNpositive"
"511","P01-A09-HLM053",0.0783831689958938,"Proteobacteria","COPD_IFNpositive"
"512","P01-D06-HLM093",0.0671788810086683,"Campylobacterota","COPD_IFNpositive"
"513","P01-D06-HLM093",0.0606776989755713,"Patescibacteria","COPD_IFNpositive"
"514","P02-G03-HLM036",0.054744343913922,"Fusobacteriota","COPD_IFNpositive"
"515","P01-E12-HLM138",0.0510784278197967,"Campylobacterota","COPD_IFNpositive"
"516","P01-H12-HLM148",0.0388000963606789,"Fusobacteriota","COPD_IFNpositive"
"517","P01-G06-HLM075",0.0360868086311358,"Patescibacteria","COPD_IFNpositive"
"518","P01-C01-HLM080",0.0145274932810344,"Proteobacteria","COPD_IFNpositive"
"519","P01-G06-HLM075",0.0117411626168289,"Campylobacterota","COPD_IFNpositive"
"520","P01-H12-HLM148",0.0100198051041314,"Unknown","COPD_IFNpositive"
"521","P01-E12-HLM138",0.00759273927051032,"Patescibacteria","COPD_IFNpositive"
"522","P01-A07-HLM102",0.0074520065374421,"Spirochaetota","COPD_IFNpositive"
"523","P01-A07-HLM102",0.00609709625790717,"Campylobacterota","COPD_IFNpositive"
"524","P01-A09-HLM053",0.00564121292015902,"Spirochaetota","COPD_IFNpositive"
"525","P01-C01-HLM080",0.0050287476742042,"Campylobacterota","COPD_IFNpositive"
"526","P01-C01-HLM080",0.00353874836332888,"Spirochaetota","COPD_IFNpositive"
"527","P01-F06-HLM081",0.00348157896569252,"Unknown","COPD_IFNpositive"
"528","P01-H12-HLM148",0.0029846227969753,"Campylobacterota","COPD_IFNpositive"
"529","P01-H12-HLM148",0.00287802912565475,"others","COPD_IFNpositive"
"530","P01-F06-HLM081",0.00278526317255402,"others","COPD_IFNpositive"
"531","P01-C01-HLM080",0.00223499896631298,"others","COPD_IFNpositive"
"532","P02-G03-HLM036",0.00199070341505171,"Unknown","COPD_IFNpositive"
"533","P01-A09-HLM053",0.00148452971583132,"Campylobacterota","COPD_IFNpositive"
"534","P01-F06-HLM081",0.00139263158627701,"Campylobacterota","COPD_IFNpositive"
"535","P01-E12-HLM138",0.00138049804918369,"Spirochaetota","COPD_IFNpositive"
"536","P01-E12-HLM138",0.00120793579303573,"others","COPD_IFNpositive"
"537","P01-A09-HLM053",0.00118762377266506,"others","COPD_IFNpositive"
"538","P01-A07-HLM102",0.00118554649459306,"others","COPD_IFNpositive"
"539","P01-H12-HLM148",0.00106593671320546,"Spirochaetota","COPD_IFNpositive"
"540","P02-G03-HLM036",0.000746513780644391,"Campylobacterota","COPD_IFNpositive"
"541","P01-F06-HLM081",0.000696315793138504,"Spirochaetota","COPD_IFNpositive"
"542","P01-A07-HLM102",0.000677455139767463,"others","COPD_IFNpositive"
"543","P01-D06-HLM093",0.000591016548463357,"Spirochaetota","COPD_IFNpositive"
"544","P01-C01-HLM080",0.000558749741578244,"Patescibacteria","COPD_IFNpositive"
"545","P02-G03-HLM036",0.000497675853762927,"Patescibacteria","COPD_IFNpositive"
"546","P01-G06-HLM075",0.000345328312259673,"others","COPD_IFNpositive"
"547","P02-G03-HLM036",0.000248837926881464,"Spirochaetota","COPD_IFNpositive"
"548","P01-H12-HLM148",0.000213187342641093,"others","COPD_IFNpositive"
"549","P01-D06-HLM093",0.000197005516154452,"others","COPD_IFNpositive"
"550","P01-C01-HLM080",0.000186249913859415,"others","COPD_IFNpositive"
"551","P01-G06-HLM075",0.000172664156129837,"Spirochaetota","COPD_IFNpositive"
"552","P01-G06-HLM075",0.000172664156129837,"Unknown","COPD_IFNpositive"
"553","P01-H12-HLM148",0.000106593671320546,"others","COPD_IFNpositive"
"554","P01-C01-HLM080",0,"others","COPD_IFNpositive"
"555","P01-A09-HLM053",0,"others","COPD_IFNpositive"
"556","P01-A07-HLM102",0,"others","COPD_IFNpositive"
"557","P02-G03-HLM036",0,"others","COPD_IFNpositive"
"558","P01-H12-HLM148",0,"others","COPD_IFNpositive"
"559","P01-F06-HLM081",0,"others","COPD_IFNpositive"
"560","P01-E12-HLM138",0,"others","COPD_IFNpositive"
"561","P01-G06-HLM075",0,"others","COPD_IFNpositive"
"562","P01-A09-HLM053",0,"others","COPD_IFNpositive"
"563","P01-C01-HLM080",0,"others","COPD_IFNpositive"
"564","P01-A07-HLM102",0,"others","COPD_IFNpositive"
"565","P01-D06-HLM093",0,"others","COPD_IFNpositive"
"566","P01-F06-HLM081",0,"others","COPD_IFNpositive"
"567","P01-E12-HLM138",0,"others","COPD_IFNpositive"
"568","P01-G06-HLM075",0,"others","COPD_IFNpositive"
"569","P02-G03-HLM036",0,"others","COPD_IFNpositive"
"570","P01-A07-HLM102",0,"others","COPD_IFNpositive"
"571","P01-A09-HLM053",0,"others","COPD_IFNpositive"
"572","P01-D06-HLM093",0,"others","COPD_IFNpositive"
"573","P01-F06-HLM081",0,"others","COPD_IFNpositive"
"574","P01-H12-HLM148",0,"others","COPD_IFNpositive"
"575","P02-G03-HLM036",0,"others","COPD_IFNpositive"
"576","P01-A09-HLM053",0,"others","COPD_IFNpositive"
"577","P01-C01-HLM080",0,"others","COPD_IFNpositive"
"578","P01-G06-HLM075",0,"others","COPD_IFNpositive"
"579","P01-D06-HLM093",0,"others","COPD_IFNpositive"
"580","P01-F06-HLM081",0,"others","COPD_IFNpositive"
"581","P01-E12-HLM138",0,"others","COPD_IFNpositive"
"582","P02-G03-HLM036",0,"others","COPD_IFNpositive"
"583","P01-D06-HLM093",0,"others","COPD_IFNpositive"
"584","P02-G03-HLM036",0,"others","COPD_IFNpositive"
"585","P01-G06-HLM075",0,"others","COPD_IFNpositive"
"586","P01-E12-HLM138",0,"others","COPD_IFNpositive"
"587","P01-D06-HLM093",0,"Unknown","COPD_IFNpositive"
"588","P01-A09-HLM053",0,"Unknown","COPD_IFNpositive"
"589","P01-E12-HLM138",0,"Unknown","COPD_IFNpositive"
"590","P01-A07-HLM102",0,"Unknown","COPD_IFNpositive"
"591","P01-C01-HLM080",0,"Unknown","COPD_IFNpositive"
"592","P01-D06-HLM093",0,"Verrucomicrobiota","COPD_IFNpositive"
"593","P01-G06-HLM075",0,"Verrucomicrobiota","COPD_IFNpositive"
"594","P01-A09-HLM053",0,"Verrucomicrobiota","COPD_IFNpositive"
"595","P02-G03-HLM036",0,"Verrucomicrobiota","COPD_IFNpositive"
"596","P01-E12-HLM138",0,"Verrucomicrobiota","COPD_IFNpositive"
"597","P01-A07-HLM102",0,"Verrucomicrobiota","COPD_IFNpositive"
"598","P01-F06-HLM081",0,"Verrucomicrobiota","COPD_IFNpositive"
"599","P01-H12-HLM148",0,"Verrucomicrobiota","COPD_IFNpositive"
"600","P01-C01-HLM080",0,"Verrucomicrobiota","COPD_IFNpositive"
"601","P02-E09-HLM401",3.12216954946532,"Actinobacteriota","TB_IFNpositive"
"602","P02-D12-HLM424",3.12208337654257,"Actinobacteriota","TB_IFNpositive"
"603","P02-E11-HLM417",3.11863682641262,"Actinobacteriota","TB_IFNpositive"
"604","P03-C01-HLM431",3.11802177969472,"Firmicutes","TB_IFNpositive"
"605","P02-C12-HLM423",3.11801420171698,"Actinobacteriota","TB_IFNpositive"
"606","P02-G09-HLM403",3.11422102818508,"Actinobacteriota","TB_IFNpositive"
"607","P02-G10-HLM411",3.11285420231526,"Actinobacteriota","TB_IFNpositive"
"608","P02-D09-HLM400",3.10485021774978,"Actinobacteriota","TB_IFNpositive"
"609","P02-H09-HLM404",3.10130463871543,"Actinobacteriota","TB_IFNpositive"
"610","P02-H10-HLM412",3.05974794061632,"Actinobacteriota","TB_IFNpositive"
"611","P02-D11-HLM416",3.05128831129808,"Actinobacteriota","TB_IFNpositive"
"612","P02-A10-HLM405",3.0354879913103,"Actinobacteriota","TB_IFNpositive"
"613","P02-A12-HLM421",3.01226256238794,"Actinobacteriota","TB_IFNpositive"
"614","P02-F09-HLM402",2.98869109047128,"Actinobacteriota","TB_IFNpositive"
"615","P02-B12-HLM422",2.96844456855627,"Proteobacteria","TB_IFNpositive"
"616","P02-E12-HLM425",2.93777995520717,"Actinobacteriota","TB_IFNpositive"
"617","P02-H12-HLM428",2.89643365350409,"Actinobacteriota","TB_IFNpositive"
"618","P02-G12-HLM427",2.88373383516696,"Actinobacteriota","TB_IFNpositive"
"619","P02-D10-HLM408",2.83164535945542,"Actinobacteriota","TB_IFNpositive"
"620","P02-E10-HLM409",2.83062894887995,"Firmicutes","TB_IFNpositive"
"621","P03-B01-HLM430",2.81411121203216,"Actinobacteriota","TB_IFNpositive"
"622","P02-H11-HLM420",2.80619789319513,"Actinobacteriota","TB_IFNpositive"
"623","P03-A01-HLM429",2.79933855291577,"Actinobacteriota","TB_IFNpositive"
"624","P02-F12-HLM426",2.72288967915005,"Actinobacteriota","TB_IFNpositive"
"625","P02-C10-HLM407",2.39708476353928,"Actinobacteriota","TB_IFNpositive"
"626","P02-B11-HLM414",2.33531628488678,"Firmicutes","TB_IFNpositive"
"627","P02-F10-HLM410",2.3102558730325,"Firmicutes","TB_IFNpositive"
"628","P02-B10-HLM406",2.05041632818846,"Firmicutes","TB_IFNpositive"
"629","P02-G11-HLM419",1.96029709411595,"Actinobacteriota","TB_IFNpositive"
"630","P02-A11-HLM413",1.72373087344597,"Actinobacteriota","TB_IFNpositive"
"631","P02-A11-HLM413",1.37681303793433,"Firmicutes","TB_IFNpositive"
"632","P02-F11-HLM418",1.33455232672295,"Actinobacteriota","TB_IFNpositive"
"633","P02-C11-HLM415",1.24650999430929,"Firmicutes","TB_IFNpositive"
"634","P02-G11-HLM419",1.09792901546913,"Firmicutes","TB_IFNpositive"
"635","P02-F11-HLM418",1.00026997840173,"Firmicutes","TB_IFNpositive"
"636","P02-B10-HLM406",0.936992282696994,"Actinobacteriota","TB_IFNpositive"
"637","P02-F10-HLM410",0.812247924469005,"Actinobacteriota","TB_IFNpositive"
"638","P02-C11-HLM415",0.792698107838953,"Bacteroidota","TB_IFNpositive"
"639","P02-B11-HLM414",0.781867101105845,"Actinobacteriota","TB_IFNpositive"
"640","P02-C10-HLM407",0.512043525934401,"Firmicutes","TB_IFNpositive"
"641","P02-C11-HLM415",0.475040901977522,"Proteobacteria","TB_IFNpositive"
"642","P02-C11-HLM415",0.39557102717314,"Actinobacteriota","TB_IFNpositive"
"643","P02-F11-HLM418",0.375024543491066,"Bacteroidota","TB_IFNpositive"
"644","P03-A01-HLM429",0.310897003239741,"Firmicutes","TB_IFNpositive"
"645","P02-H11-HLM420",0.30419107706174,"Firmicutes","TB_IFNpositive"
"646","P03-B01-HLM430",0.298282932172148,"Firmicutes","TB_IFNpositive"
"647","P02-E10-HLM409",0.293956832943048,"Actinobacteriota","TB_IFNpositive"
"648","P02-F11-HLM418",0.266174160612606,"Proteobacteria","TB_IFNpositive"
"649","P02-D10-HLM408",0.222376722563507,"Firmicutes","TB_IFNpositive"
"650","P02-C11-HLM415",0.191616872954901,"Fusobacteriota","TB_IFNpositive"
"651","P02-G12-HLM427",0.149804355073608,"Firmicutes","TB_IFNpositive"
"652","P02-F12-HLM426",0.132805054533903,"Bacteroidota","TB_IFNpositive"
"653","P02-F09-HLM402",0.126633986928105,"Firmicutes","TB_IFNpositive"
"654","P02-H12-HLM428",0.120064034151547,"Fusobacteriota","TB_IFNpositive"
"655","P02-C10-HLM407",0.117991990846682,"Patescibacteria","TB_IFNpositive"
"656","P02-B10-HLM406",0.115505686433794,"Fusobacteriota","TB_IFNpositive"
"657","P02-F12-HLM426",0.113557145882602,"Firmicutes","TB_IFNpositive"
"658","P02-F12-HLM426",0.10197530973139,"Proteobacteria","TB_IFNpositive"
"659","P02-F11-HLM418",0.10001472609464,"Fusobacteriota","TB_IFNpositive"
"660","P02-A12-HLM421",0.0993361438193536,"Firmicutes","TB_IFNpositive"
"661","P02-C10-HLM407",0.0968368611746758,"Fusobacteriota","TB_IFNpositive"
"662","P02-H12-HLM428",0.0900480256136606,"Firmicutes","TB_IFNpositive"
"663","P02-B12-HLM422",0.0781322721772317,"Actinobacteriota","TB_IFNpositive"
"664","P02-A10-HLM405",0.0651853602606911,"Firmicutes","TB_IFNpositive"
"665","P02-E12-HLM425",0.0647396416573348,"Unknown","TB_IFNpositive"
"666","P02-B12-HLM422",0.064518756399516,"Firmicutes","TB_IFNpositive"
"667","P02-E12-HLM425",0.0577407614781635,"Proteobacteria","TB_IFNpositive"
"668","P02-E12-HLM425",0.0542413213885778,"Firmicutes","TB_IFNpositive"
"669","P02-H10-HLM412",0.0494768362359744,"Firmicutes","TB_IFNpositive"
"670","P02-G11-HLM419",0.049244614717363,"Fusobacteriota","TB_IFNpositive"
"671","P02-D11-HLM416",0.0446026141826923,"Firmicutes","TB_IFNpositive"
"672","P02-D10-HLM408",0.0407811721733355,"Patescibacteria","TB_IFNpositive"
"673","P02-G12-HLM427",0.0403572493902546,"Bacteroidota","TB_IFNpositive"
"674","P02-F11-HLM418",0.036692519143923,"Patescibacteria","TB_IFNpositive"
"675","P02-F12-HLM426",0.0363449048745191,"Fusobacteriota","TB_IFNpositive"
"676","P02-G12-HLM427",0.0251136144303487,"Proteobacteria","TB_IFNpositive"
"677","P02-D10-HLM408",0.0234517682218164,"Fusobacteriota","TB_IFNpositive"
"678","P02-D09-HLM400",0.0189606147731597,"Unknown","TB_IFNpositive"
"679","P02-H09-HLM404",0.0182942127564674,"Unknown","TB_IFNpositive"
"680","P02-A11-HLM413",0.0179809531399426,"Fusobacteriota","TB_IFNpositive"
"681","P02-C11-HLM415",0.0164497083511168,"Patescibacteria","TB_IFNpositive"
"682","P02-G12-HLM427",0.0157919671527083,"Fusobacteriota","TB_IFNpositive"
"683","P02-B10-HLM406",0.0140891551584078,"Patescibacteria","TB_IFNpositive"
"684","P02-G11-HLM419",0.0135535636836779,"Patescibacteria","TB_IFNpositive"
"685","P02-F12-HLM426",0.0124091101620133,"Patescibacteria","TB_IFNpositive"
"686","P02-B12-HLM422",0.0121590803313786,"Unknown","TB_IFNpositive"
"687","P02-G10-HLM411",0.0114397986804617,"Firmicutes","TB_IFNpositive"
"688","P02-A12-HLM421",0.0111298880651257,"Fusobacteriota","TB_IFNpositive"
"689","P02-H12-HLM428",0.0106723585912487,"Patescibacteria","TB_IFNpositive"
"690","P02-D11-HLM416",0.0101725260416667,"Fusobacteriota","TB_IFNpositive"
"691","P02-G09-HLM403",0.00957653671206146,"Unknown","TB_IFNpositive"
"692","P02-D11-HLM416",0.00939002403846154,"Bacteroidota","TB_IFNpositive"
"693","P02-A10-HLM405",0.00924035482962546,"Fusobacteriota","TB_IFNpositive"
"694","P02-G12-HLM427",0.00888298152339843,"Patescibacteria","TB_IFNpositive"
"695","P02-H10-HLM412",0.00817443381290012,"Unknown","TB_IFNpositive"
"696","P02-A10-HLM405",0.00766886591302249,"Proteobacteria","TB_IFNpositive"
"697","P02-B10-HLM406",0.00710804224207961,"Proteobacteria","TB_IFNpositive"
"698","P02-H11-HLM420",0.0066893871113114,"Unknown","TB_IFNpositive"
"699","P02-F09-HLM402",0.0064499484004128,"Fusobacteriota","TB_IFNpositive"
"700","P02-C11-HLM415",0.00644650732678902,"Campylobacterota","TB_IFNpositive"
"701","P02-A10-HLM405",0.00641167477974011,"Bacteroidota","TB_IFNpositive"
"702","P03-A01-HLM429",0.00632761879049676,"Proteobacteria","TB_IFNpositive"
"703","P02-C12-HLM423",0.00628134803599271,"Unknown","TB_IFNpositive"
"704","P02-D11-HLM416",0.00626001602564103,"Unknown","TB_IFNpositive"
"705","P03-C01-HLM431",0.00602229971551803,"Actinobacteriota","TB_IFNpositive"
"706","P03-B01-HLM430",0.00567680923249539,"Patescibacteria","TB_IFNpositive"
"707","P02-H12-HLM428",0.00489149768765564,"Proteobacteria","TB_IFNpositive"
"708","P02-F11-HLM418",0.00466326330257216,"Campylobacterota","TB_IFNpositive"
"709","P02-D10-HLM408",0.00456583098123859,"Unknown","TB_IFNpositive"
"710","P03-B01-HLM430",0.00450805439051105,"Fusobacteriota","TB_IFNpositive"
"711","P02-B11-HLM414",0.00431970774091627,"Fusobacteriota","TB_IFNpositive"
"712","P02-H11-HLM420",0.00422487607030194,"Patescibacteria","TB_IFNpositive"
"713","P02-H10-HLM412",0.00401551134668778,"Fusobacteriota","TB_IFNpositive"
"714","P02-H09-HLM404",0.00383307314897413,"Proteobacteria","TB_IFNpositive"
"715","P03-A01-HLM429",0.00379657127429806,"Fusobacteriota","TB_IFNpositive"
"716","P02-A11-HLM413",0.00378546381893529,"Patescibacteria","TB_IFNpositive"
"717","P02-E12-HLM425",0.00349944008958567,"others","TB_IFNpositive"
"718","P02-E12-HLM425",0.00349944008958567,"Fusobacteriota","TB_IFNpositive"
"719","P02-F11-HLM418",0.003190653838602,"Unknown","TB_IFNpositive"
"720","P02-E11-HLM417",0.00318158679368773,"Proteobacteria","TB_IFNpositive"
"721","P02-F11-HLM418",0.00269978401727862,"Spirochaetota","TB_IFNpositive"
"722","P02-B11-HLM414",0.00267410479199579,"Proteobacteria","TB_IFNpositive"
"723","P02-D11-HLM416",0.00266050681089744,"Proteobacteria","TB_IFNpositive"
"724","P03-A01-HLM429",0.0025310475161987,"Patescibacteria","TB_IFNpositive"
"725","P02-H11-HLM420",0.00246451104100946,"Fusobacteriota","TB_IFNpositive"
"726","P02-F12-HLM426",0.00237151883096255,"Campylobacterota","TB_IFNpositive"
"727","P02-H12-HLM428",0.00222340803984347,"Unknown","TB_IFNpositive"
"728","P02-F10-HLM410",0.00212791032658513,"Fusobacteriota","TB_IFNpositive"
"729","P03-A01-HLM429",0.00210920626349892,"Unknown","TB_IFNpositive"
"730","P02-F09-HLM402",0.00193498452012384,"Unknown","TB_IFNpositive"
"731","P03-B01-HLM430",0.00183661475168969,"Proteobacteria","TB_IFNpositive"
"732","P02-E12-HLM425",0.00174972004479283,"Bacteroidota","TB_IFNpositive"
"733","P02-E12-HLM425",0.00174972004479283,"Campylobacterota","TB_IFNpositive"
"734","P02-H10-HLM412",0.00172093343429476,"Patescibacteria","TB_IFNpositive"
"735","P02-F11-HLM418",0.00171804437463185,"others","TB_IFNpositive"
"736","P02-E09-HLM401",0.001689139835213,"Unknown","TB_IFNpositive"
"737","P02-B12-HLM422",0.00168714511775109,"Fusobacteriota","TB_IFNpositive"
"738","P02-D10-HLM408",0.00166030217499585,"Proteobacteria","TB_IFNpositive"
"739","P02-A12-HLM421",0.00158998400930368,"Proteobacteria","TB_IFNpositive"
"740","P02-H09-HLM404",0.00156807537912578,"Firmicutes","TB_IFNpositive"
"741","P02-D12-HLM424",0.00155553251062947,"Firmicutes","TB_IFNpositive"
"742","P02-H10-HLM412",0.00136240563548335,"Proteobacteria","TB_IFNpositive"
"743","P02-F09-HLM402",0.00128998968008256,"Proteobacteria","TB_IFNpositive"
"744","P02-F12-HLM426",0.00126848681656136,"Spirochaetota","TB_IFNpositive"
"745","P02-G11-HLM419",0.00126499927714327,"Proteobacteria","TB_IFNpositive"
"746","P02-E11-HLM417",0.00124990909752018,"Firmicutes","TB_IFNpositive"
"747","P02-H11-HLM420",0.00123225552050473,"Proteobacteria","TB_IFNpositive"
"748","P02-G11-HLM419",0.00117464218591875,"Unknown","TB_IFNpositive"
"749","P02-A11-HLM413",0.00114560089257252,"Unknown","TB_IFNpositive"
"750","P02-E11-HLM417",0.00102265289797106,"Unknown","TB_IFNpositive"
"751","P03-C01-HLM431",0.00086032853078829,"Fusobacteriota","TB_IFNpositive"
"752","P02-F12-HLM426",0.00082727401080089,"others","TB_IFNpositive"
"753","P02-E09-HLM401",0.000821743703617133,"Proteobacteria","TB_IFNpositive"
"754","P02-G09-HLM403",0.000815938105511963,"Proteobacteria","TB_IFNpositive"
"755","P02-G11-HLM419",0.000813213821020674,"Bacteroidota","TB_IFNpositive"
"756","P02-A11-HLM413",0.000747131016895123,"Bacteroidota","TB_IFNpositive"
"757","P02-A11-HLM413",0.000747131016895123,"Proteobacteria","TB_IFNpositive"
"758","P02-D12-HLM424",0.000745359328009955,"Proteobacteria","TB_IFNpositive"
"759","P02-C10-HLM407",0.000744898932112891,"Proteobacteria","TB_IFNpositive"
"760","P02-G11-HLM419",0.000722856729796154,"others","TB_IFNpositive"
"761","P02-H12-HLM428",0.000667022411953042,"others","TB_IFNpositive"
"762","P02-D11-HLM416",0.000626001602564103,"Campylobacterota","TB_IFNpositive"
"763","P02-A12-HLM421",0.000605708194020449,"Unknown","TB_IFNpositive"
"764","P02-G10-HLM411",0.000588332503566602,"Fusobacteriota","TB_IFNpositive"
"765","P02-E11-HLM417",0.000568140498872809,"others","TB_IFNpositive"
"766","P02-A10-HLM405",0.000565736009977069,"Unknown","TB_IFNpositive"
"767","P02-F12-HLM426",0.000551516007200593,"Unknown","TB_IFNpositive"
"768","P02-D09-HLM400",0.000528518878694347,"Firmicutes","TB_IFNpositive"
"769","P02-D09-HLM400",0.000528518878694347,"Proteobacteria","TB_IFNpositive"
"770","P02-B10-HLM406",0.000507717303005686,"Unknown","TB_IFNpositive"
"771","P03-B01-HLM430",0.000500894932279005,"Bacteroidota","TB_IFNpositive"
"772","P02-G12-HLM427",0.000493498973522135,"Campylobacterota","TB_IFNpositive"
"773","P02-G12-HLM427",0.000493498973522135,"Unknown","TB_IFNpositive"
"774","P02-B11-HLM414",0.000411400737230121,"Patescibacteria","TB_IFNpositive"
"775","P02-G09-HLM403",0.000386496997347772,"Firmicutes","TB_IFNpositive"
"776","P02-B10-HLM406",0.000380787977254265,"Bacteroidota","TB_IFNpositive"
"777","P02-C12-HLM423",0.00035222512351361,"Proteobacteria","TB_IFNpositive"
"778","P02-E11-HLM417",0.000340884299323686,"Bacteroidota","TB_IFNpositive"
"779","P02-C11-HLM415",0.00033344003414426,"Unknown","TB_IFNpositive"
"780","P02-F10-HLM410",0.000327370819474635,"Patescibacteria","TB_IFNpositive"
"781","P02-A10-HLM405",0.000314297783320594,"Patescibacteria","TB_IFNpositive"
"782","P02-C10-HLM407",0.000297959572845156,"Unknown","TB_IFNpositive"
"783","P02-H10-HLM412",0.000286822239049127,"others","TB_IFNpositive"
"784","P02-G12-HLM427",0.000274166096401186,"Spirochaetota","TB_IFNpositive"
"785","P02-D12-HLM424",0.000259255418438245,"Bacteroidota","TB_IFNpositive"
"786","P02-D12-HLM424",0.000259255418438245,"Unknown","TB_IFNpositive"
"787","P02-E09-HLM401",0.000228262139893648,"Firmicutes","TB_IFNpositive"
"788","P02-C11-HLM415",0.000222293356096173,"others","TB_IFNpositive"
"789","P02-H10-HLM412",0.000215116679286845,"Spirochaetota","TB_IFNpositive"
"790","P02-D10-HLM408",0.000207537771874481,"Campylobacterota","TB_IFNpositive"
"791","P02-B11-HLM414",0.000205700368615061,"Bacteroidota","TB_IFNpositive"
"792","P02-B11-HLM414",0.000205700368615061,"Unknown","TB_IFNpositive"
"793","P02-E10-HLM409",0.000177522075856366,"Fusobacteriota","TB_IFNpositive"
"794","P02-C12-HLM423",0.000176112561756805,"Firmicutes","TB_IFNpositive"
"795","P02-C12-HLM423",0.000176112561756805,"Fusobacteriota","TB_IFNpositive"
"796","P02-D09-HLM400",0.000132129719673587,"others","TB_IFNpositive"
"797","P02-C11-HLM415",0.000111146678048086,"Spirochaetota","TB_IFNpositive"
"798","P02-D10-HLM408",0.000103768885937241,"Bacteroidota","TB_IFNpositive"
"799","P02-D10-HLM408",0.000103768885937241,"others","TB_IFNpositive"
"800","P02-D10-HLM408",0.000103768885937241,"Spirochaetota","TB_IFNpositive"
"801","P02-E10-HLM409",9.86233754757592e-05,"Patescibacteria","TB_IFNpositive"
"802","P02-E10-HLM409",9.86233754757592e-05,"Proteobacteria","TB_IFNpositive"
"803","P02-D12-HLM424",9.7220781914342e-05,"Patescibacteria","TB_IFNpositive"
"804","P03-B01-HLM430",8.34824887131675e-05,"Unknown","TB_IFNpositive"
"805","P02-A12-HLM421",7.57135242525561e-05,"Bacteroidota","TB_IFNpositive"
"806","P02-G10-HLM411",6.53702781740669e-05,"Proteobacteria","TB_IFNpositive"
"807","P02-A10-HLM405",6.28595566641188e-05,"others","TB_IFNpositive"
"808","P02-A10-HLM405",6.28595566641188e-05,"others","TB_IFNpositive"
"809","P02-B12-HLM422",5.8177417853486e-05,"Campylobacterota","TB_IFNpositive"
"810","P02-G12-HLM427",5.48332192802372e-05,"others","TB_IFNpositive"
"811","P02-A11-HLM413",4.98087344596748e-05,"others","TB_IFNpositive"
"812","P03-C01-HLM431",4.77960294882383e-05,"Bacteroidota","TB_IFNpositive"
"813","P03-C01-HLM431",4.77960294882383e-05,"Proteobacteria","TB_IFNpositive"
"814","P02-E09-HLM401",4.56524279787296e-05,"Bacteroidota","TB_IFNpositive"
"815","P02-E09-HLM401",4.56524279787296e-05,"others","TB_IFNpositive"
"816","P02-F10-HLM410",4.09213524343294e-05,"Unknown","TB_IFNpositive"
"817","P02-G10-HLM411",3.92221669044402e-05,"Bacteroidota","TB_IFNpositive"
"818","P02-E10-HLM409",1.97246750951518e-05,"Bacteroidota","TB_IFNpositive"
"819","P02-E10-HLM409",1.97246750951518e-05,"Unknown","TB_IFNpositive"
"820","P02-G10-HLM411",1.30740556348134e-05,"Patescibacteria","TB_IFNpositive"
"821","P02-C12-HLM423",0,"Bacteroidota","TB_IFNpositive"
"822","P02-H10-HLM412",0,"Bacteroidota","TB_IFNpositive"
"823","P02-G09-HLM403",0,"Bacteroidota","TB_IFNpositive"
"824","P02-C10-HLM407",0,"Bacteroidota","TB_IFNpositive"
"825","P02-D09-HLM400",0,"Bacteroidota","TB_IFNpositive"
"826","P02-H11-HLM420",0,"Bacteroidota","TB_IFNpositive"
"827","P02-B12-HLM422",0,"Bacteroidota","TB_IFNpositive"
"828","P02-H12-HLM428",0,"Bacteroidota","TB_IFNpositive"
"829","P02-F09-HLM402",0,"Bacteroidota","TB_IFNpositive"
"830","P02-F10-HLM410",0,"Bacteroidota","TB_IFNpositive"
"831","P03-A01-HLM429",0,"Bacteroidota","TB_IFNpositive"
"832","P02-H09-HLM404",0,"Bacteroidota","TB_IFNpositive"
"833","P02-F11-HLM418",0,"others","TB_IFNpositive"
"834","P02-E12-HLM425",0,"others","TB_IFNpositive"
"835","P02-F09-HLM402",0,"others","TB_IFNpositive"
"836","P02-F10-HLM410",0,"others","TB_IFNpositive"
"837","P02-D10-HLM408",0,"others","TB_IFNpositive"
"838","P02-F12-HLM426",0,"others","TB_IFNpositive"
"839","P02-E10-HLM409",0,"others","TB_IFNpositive"
"840","P02-E11-HLM417",0,"others","TB_IFNpositive"
"841","P02-C12-HLM423",0,"others","TB_IFNpositive"
"842","P02-D11-HLM416",0,"others","TB_IFNpositive"
"843","P02-B10-HLM406",0,"others","TB_IFNpositive"
"844","P02-H10-HLM412",0,"others","TB_IFNpositive"
"845","P02-H11-HLM420",0,"others","TB_IFNpositive"
"846","P02-C10-HLM407",0,"others","TB_IFNpositive"
"847","P02-C11-HLM415",0,"others","TB_IFNpositive"
"848","P02-D12-HLM424",0,"others","TB_IFNpositive"
"849","P02-B11-HLM414",0,"others","TB_IFNpositive"
"850","P02-H12-HLM428",0,"others","TB_IFNpositive"
"851","P02-A12-HLM421",0,"others","TB_IFNpositive"
"852","P03-C01-HLM431",0,"others","TB_IFNpositive"
"853","P02-G09-HLM403",0,"others","TB_IFNpositive"
"854","P02-B12-HLM422",0,"others","TB_IFNpositive"
"855","P02-G10-HLM411",0,"others","TB_IFNpositive"
"856","P03-A01-HLM429",0,"others","TB_IFNpositive"
"857","P03-B01-HLM430",0,"others","TB_IFNpositive"
"858","P02-G12-HLM427",0,"others","TB_IFNpositive"
"859","P02-H09-HLM404",0,"others","TB_IFNpositive"
"860","P02-G11-HLM419",0,"others","TB_IFNpositive"
"861","P02-F09-HLM402",0,"Campylobacterota","TB_IFNpositive"
"862","P02-G09-HLM403",0,"Campylobacterota","TB_IFNpositive"
"863","P02-G11-HLM419",0,"Campylobacterota","TB_IFNpositive"
"864","P02-F10-HLM410",0,"Campylobacterota","TB_IFNpositive"
"865","P02-E10-HLM409",0,"Campylobacterota","TB_IFNpositive"
"866","P02-G10-HLM411",0,"Campylobacterota","TB_IFNpositive"
"867","P02-E11-HLM417",0,"Campylobacterota","TB_IFNpositive"
"868","P02-C12-HLM423",0,"Campylobacterota","TB_IFNpositive"
"869","P02-H09-HLM404",0,"Campylobacterota","TB_IFNpositive"
"870","P02-A12-HLM421",0,"Campylobacterota","TB_IFNpositive"
"871","P03-A01-HLM429",0,"Campylobacterota","TB_IFNpositive"
"872","P02-D09-HLM400",0,"Campylobacterota","TB_IFNpositive"
"873","P02-D12-HLM424",0,"Campylobacterota","TB_IFNpositive"
"874","P02-H10-HLM412",0,"Campylobacterota","TB_IFNpositive"
"875","P02-E09-HLM401",0,"Campylobacterota","TB_IFNpositive"
"876","P02-C10-HLM407",0,"Campylobacterota","TB_IFNpositive"
"877","P02-A11-HLM413",0,"Campylobacterota","TB_IFNpositive"
"878","P03-B01-HLM430",0,"Campylobacterota","TB_IFNpositive"
"879","P03-C01-HLM431",0,"Campylobacterota","TB_IFNpositive"
"880","P02-B11-HLM414",0,"Campylobacterota","TB_IFNpositive"
"881","P02-B10-HLM406",0,"Campylobacterota","TB_IFNpositive"
"882","P02-H12-HLM428",0,"Campylobacterota","TB_IFNpositive"
"883","P02-A10-HLM405",0,"Campylobacterota","TB_IFNpositive"
"884","P02-H11-HLM420",0,"Campylobacterota","TB_IFNpositive"
"885","P03-C01-HLM431",0,"others","TB_IFNpositive"
"886","P03-A01-HLM429",0,"others","TB_IFNpositive"
"887","P02-H12-HLM428",0,"others","TB_IFNpositive"
"888","P02-G11-HLM419",0,"others","TB_IFNpositive"
"889","P03-B01-HLM430",0,"others","TB_IFNpositive"
"890","P02-H10-HLM412",0,"others","TB_IFNpositive"
"891","P02-H09-HLM404",0,"others","TB_IFNpositive"
"892","P02-H11-HLM420",0,"others","TB_IFNpositive"
"893","P02-G10-HLM411",0,"others","TB_IFNpositive"
"894","P02-G12-HLM427",0,"others","TB_IFNpositive"
"895","P02-F09-HLM402",0,"others","TB_IFNpositive"
"896","P02-F11-HLM418",0,"others","TB_IFNpositive"
"897","P02-G09-HLM403",0,"others","TB_IFNpositive"
"898","P02-E11-HLM417",0,"others","TB_IFNpositive"
"899","P02-C10-HLM407",0,"others","TB_IFNpositive"
"900","P02-C12-HLM423",0,"others","TB_IFNpositive"
"901","P02-F10-HLM410",0,"others","TB_IFNpositive"
"902","P02-D10-HLM408",0,"others","TB_IFNpositive"
"903","P02-F12-HLM426",0,"others","TB_IFNpositive"
"904","P02-E10-HLM409",0,"others","TB_IFNpositive"
"905","P02-A10-HLM405",0,"others","TB_IFNpositive"
"906","P02-E12-HLM425",0,"others","TB_IFNpositive"
"907","P02-C11-HLM415",0,"others","TB_IFNpositive"
"908","P02-A12-HLM421",0,"others","TB_IFNpositive"
"909","P02-D09-HLM400",0,"others","TB_IFNpositive"
"910","P02-D11-HLM416",0,"others","TB_IFNpositive"
"911","P02-D12-HLM424",0,"others","TB_IFNpositive"
"912","P02-E09-HLM401",0,"others","TB_IFNpositive"
"913","P02-A11-HLM413",0,"others","TB_IFNpositive"
"914","P02-B11-HLM414",0,"others","TB_IFNpositive"
"915","P02-B10-HLM406",0,"others","TB_IFNpositive"
"916","P02-B12-HLM422",0,"others","TB_IFNpositive"
"917","P02-H11-HLM420",0,"others","TB_IFNpositive"
"918","P03-A01-HLM429",0,"others","TB_IFNpositive"
"919","P03-C01-HLM431",0,"others","TB_IFNpositive"
"920","P03-B01-HLM430",0,"others","TB_IFNpositive"
"921","P02-G10-HLM411",0,"others","TB_IFNpositive"
"922","P02-H09-HLM404",0,"others","TB_IFNpositive"
"923","P02-G09-HLM403",0,"others","TB_IFNpositive"
"924","P02-E10-HLM409",0,"others","TB_IFNpositive"
"925","P02-C10-HLM407",0,"others","TB_IFNpositive"
"926","P02-G12-HLM427",0,"others","TB_IFNpositive"
"927","P02-F09-HLM402",0,"others","TB_IFNpositive"
"928","P02-F10-HLM410",0,"others","TB_IFNpositive"
"929","P02-F11-HLM418",0,"others","TB_IFNpositive"
"930","P02-B10-HLM406",0,"others","TB_IFNpositive"
"931","P02-F12-HLM426",0,"others","TB_IFNpositive"
"932","P02-B11-HLM414",0,"others","TB_IFNpositive"
"933","P02-B12-HLM422",0,"others","TB_IFNpositive"
"934","P02-A11-HLM413",0,"others","TB_IFNpositive"
"935","P02-C11-HLM415",0,"others","TB_IFNpositive"
"936","P02-C12-HLM423",0,"others","TB_IFNpositive"
"937","P02-D11-HLM416",0,"others","TB_IFNpositive"
"938","P02-D09-HLM400",0,"others","TB_IFNpositive"
"939","P02-E09-HLM401",0,"others","TB_IFNpositive"
"940","P02-D12-HLM424",0,"others","TB_IFNpositive"
"941","P02-A12-HLM421",0,"others","TB_IFNpositive"
"942","P02-B10-HLM406",0,"others","TB_IFNpositive"
"943","P02-H11-HLM420",0,"others","TB_IFNpositive"
"944","P02-A12-HLM421",0,"others","TB_IFNpositive"
"945","P02-C11-HLM415",0,"others","TB_IFNpositive"
"946","P03-C01-HLM431",0,"others","TB_IFNpositive"
"947","P02-B11-HLM414",0,"others","TB_IFNpositive"
"948","P02-A10-HLM405",0,"others","TB_IFNpositive"
"949","P02-B12-HLM422",0,"others","TB_IFNpositive"
"950","P02-A11-HLM413",0,"others","TB_IFNpositive"
"951","P02-H12-HLM428",0,"others","TB_IFNpositive"
"952","P02-G10-HLM411",0,"others","TB_IFNpositive"
"953","P03-A01-HLM429",0,"others","TB_IFNpositive"
"954","P02-C12-HLM423",0,"others","TB_IFNpositive"
"955","P03-B01-HLM430",0,"others","TB_IFNpositive"
"956","P02-D11-HLM416",0,"others","TB_IFNpositive"
"957","P02-H10-HLM412",0,"others","TB_IFNpositive"
"958","P02-H09-HLM404",0,"others","TB_IFNpositive"
"959","P02-G09-HLM403",0,"others","TB_IFNpositive"
"960","P02-C10-HLM407",0,"others","TB_IFNpositive"
"961","P02-E10-HLM409",0,"others","TB_IFNpositive"
"962","P02-G11-HLM419",0,"others","TB_IFNpositive"
"963","P02-D10-HLM408",0,"others","TB_IFNpositive"
"964","P02-G12-HLM427",0,"others","TB_IFNpositive"
"965","P02-D09-HLM400",0,"others","TB_IFNpositive"
"966","P02-F09-HLM402",0,"others","TB_IFNpositive"
"967","P02-F12-HLM426",0,"others","TB_IFNpositive"
"968","P02-F10-HLM410",0,"others","TB_IFNpositive"
"969","P02-F11-HLM418",0,"others","TB_IFNpositive"
"970","P02-D12-HLM424",0,"others","TB_IFNpositive"
"971","P02-E11-HLM417",0,"others","TB_IFNpositive"
"972","P02-E09-HLM401",0,"others","TB_IFNpositive"
"973","P02-E12-HLM425",0,"others","TB_IFNpositive"
"974","P02-D12-HLM424",0,"Fusobacteriota","TB_IFNpositive"
"975","P02-E11-HLM417",0,"Fusobacteriota","TB_IFNpositive"
"976","P02-D09-HLM400",0,"Fusobacteriota","TB_IFNpositive"
"977","P02-E09-HLM401",0,"Fusobacteriota","TB_IFNpositive"
"978","P02-G09-HLM403",0,"Fusobacteriota","TB_IFNpositive"
"979","P02-H09-HLM404",0,"Fusobacteriota","TB_IFNpositive"
"980","P02-E09-HLM401",0,"Patescibacteria","TB_IFNpositive"
"981","P02-A12-HLM421",0,"Patescibacteria","TB_IFNpositive"
"982","P02-C12-HLM423",0,"Patescibacteria","TB_IFNpositive"
"983","P02-D09-HLM400",0,"Patescibacteria","TB_IFNpositive"
"984","P02-B12-HLM422",0,"Patescibacteria","TB_IFNpositive"
"985","P02-E11-HLM417",0,"Patescibacteria","TB_IFNpositive"
"986","P02-E12-HLM425",0,"Patescibacteria","TB_IFNpositive"
"987","P02-F09-HLM402",0,"Patescibacteria","TB_IFNpositive"
"988","P02-D11-HLM416",0,"Patescibacteria","TB_IFNpositive"
"989","P02-H09-HLM404",0,"Patescibacteria","TB_IFNpositive"
"990","P02-G09-HLM403",0,"Patescibacteria","TB_IFNpositive"
"991","P03-C01-HLM431",0,"Patescibacteria","TB_IFNpositive"
"992","P02-F10-HLM410",0,"Proteobacteria","TB_IFNpositive"
"993","P02-C10-HLM407",0,"Spirochaetota","TB_IFNpositive"
"994","P02-B12-HLM422",0,"Spirochaetota","TB_IFNpositive"
"995","P02-B11-HLM414",0,"Spirochaetota","TB_IFNpositive"
"996","P02-A11-HLM413",0,"Spirochaetota","TB_IFNpositive"
"997","P02-A12-HLM421",0,"Spirochaetota","TB_IFNpositive"
"998","P02-A10-HLM405",0,"Spirochaetota","TB_IFNpositive"
"999","P02-C12-HLM423",0,"Spirochaetota","TB_IFNpositive"
"1000","P02-D11-HLM416",0,"Spirochaetota","TB_IFNpositive"
"1001","P02-B10-HLM406",0,"Spirochaetota","TB_IFNpositive"
"1002","P02-E11-HLM417",0,"Spirochaetota","TB_IFNpositive"
"1003","P02-D09-HLM400",0,"Spirochaetota","TB_IFNpositive"
"1004","P02-D12-HLM424",0,"Spirochaetota","TB_IFNpositive"
"1005","P02-E09-HLM401",0,"Spirochaetota","TB_IFNpositive"
"1006","P02-E10-HLM409",0,"Spirochaetota","TB_IFNpositive"
"1007","P02-G10-HLM411",0,"Spirochaetota","TB_IFNpositive"
"1008","P02-E12-HLM425",0,"Spirochaetota","TB_IFNpositive"
"1009","P02-F09-HLM402",0,"Spirochaetota","TB_IFNpositive"
"1010","P02-F10-HLM410",0,"Spirochaetota","TB_IFNpositive"
"1011","P02-G09-HLM403",0,"Spirochaetota","TB_IFNpositive"
"1012","P02-G11-HLM419",0,"Spirochaetota","TB_IFNpositive"
"1013","P02-H11-HLM420",0,"Spirochaetota","TB_IFNpositive"
"1014","P02-H09-HLM404",0,"Spirochaetota","TB_IFNpositive"
"1015","P03-C01-HLM431",0,"Spirochaetota","TB_IFNpositive"
"1016","P03-B01-HLM430",0,"Spirochaetota","TB_IFNpositive"
"1017","P03-A01-HLM429",0,"Spirochaetota","TB_IFNpositive"
"1018","P02-H12-HLM428",0,"Spirochaetota","TB_IFNpositive"
"1019","P02-E10-HLM409",0,"others","TB_IFNpositive"
"1020","P02-E09-HLM401",0,"others","TB_IFNpositive"
"1021","P02-B12-HLM422",0,"others","TB_IFNpositive"
"1022","P02-E11-HLM417",0,"others","TB_IFNpositive"
"1023","P02-D12-HLM424",0,"others","TB_IFNpositive"
"1024","P02-B11-HLM414",0,"others","TB_IFNpositive"
"1025","P02-G10-HLM411",0,"others","TB_IFNpositive"
"1026","P02-E12-HLM425",0,"others","TB_IFNpositive"
"1027","P02-A12-HLM421",0,"others","TB_IFNpositive"
"1028","P02-C10-HLM407",0,"others","TB_IFNpositive"
"1029","P02-F10-HLM410",0,"others","TB_IFNpositive"
"1030","P02-A10-HLM405",0,"others","TB_IFNpositive"
"1031","P02-G11-HLM419",0,"others","TB_IFNpositive"
"1032","P02-F09-HLM402",0,"others","TB_IFNpositive"
"1033","P02-D10-HLM408",0,"others","TB_IFNpositive"
"1034","P02-B10-HLM406",0,"others","TB_IFNpositive"
"1035","P02-G09-HLM403",0,"others","TB_IFNpositive"
"1036","P02-A11-HLM413",0,"others","TB_IFNpositive"
"1037","P02-C12-HLM423",0,"others","TB_IFNpositive"
"1038","P02-D09-HLM400",0,"others","TB_IFNpositive"
"1039","P02-D11-HLM416",0,"others","TB_IFNpositive"
"1040","P02-H09-HLM404",0,"others","TB_IFNpositive"
"1041","P02-H11-HLM420",0,"others","TB_IFNpositive"
"1042","P02-H12-HLM428",0,"others","TB_IFNpositive"
"1043","P03-C01-HLM431",0,"others","TB_IFNpositive"
"1044","P03-B01-HLM430",0,"others","TB_IFNpositive"
"1045","P02-H10-HLM412",0,"others","TB_IFNpositive"
"1046","P03-A01-HLM429",0,"others","TB_IFNpositive"
"1047","P02-G10-HLM411",0,"Unknown","TB_IFNpositive"
"1048","P03-C01-HLM431",0,"Unknown","TB_IFNpositive"
"1049","P02-D12-HLM424",0,"Verrucomicrobiota","TB_IFNpositive"
"1050","P02-F12-HLM426",0,"Verrucomicrobiota","TB_IFNpositive"
"1051","P02-H09-HLM404",0,"Verrucomicrobiota","TB_IFNpositive"
"1052","P02-B11-HLM414",0,"Verrucomicrobiota","TB_IFNpositive"
"1053","P02-B12-HLM422",0,"Verrucomicrobiota","TB_IFNpositive"
"1054","P02-E09-HLM401",0,"Verrucomicrobiota","TB_IFNpositive"
"1055","P02-H10-HLM412",0,"Verrucomicrobiota","TB_IFNpositive"
"1056","P02-G09-HLM403",0,"Verrucomicrobiota","TB_IFNpositive"
"1057","P02-E10-HLM409",0,"Verrucomicrobiota","TB_IFNpositive"
"1058","P02-C10-HLM407",0,"Verrucomicrobiota","TB_IFNpositive"
"1059","P02-H11-HLM420",0,"Verrucomicrobiota","TB_IFNpositive"
"1060","P02-G10-HLM411",0,"Verrucomicrobiota","TB_IFNpositive"
"1061","P02-E11-HLM417",0,"Verrucomicrobiota","TB_IFNpositive"
"1062","P02-C11-HLM415",0,"Verrucomicrobiota","TB_IFNpositive"
"1063","P02-A12-HLM421",0,"Verrucomicrobiota","TB_IFNpositive"
"1064","P03-B01-HLM430",0,"Verrucomicrobiota","TB_IFNpositive"
"1065","P02-F10-HLM410",0,"Verrucomicrobiota","TB_IFNpositive"
"1066","P02-D10-HLM408",0,"Verrucomicrobiota","TB_IFNpositive"
"1067","P02-A10-HLM405",0,"Verrucomicrobiota","TB_IFNpositive"
"1068","P02-H12-HLM428",0,"Verrucomicrobiota","TB_IFNpositive"
"1069","P02-G11-HLM419",0,"Verrucomicrobiota","TB_IFNpositive"
"1070","P02-E12-HLM425",0,"Verrucomicrobiota","TB_IFNpositive"
"1071","P02-C12-HLM423",0,"Verrucomicrobiota","TB_IFNpositive"
"1072","P03-C01-HLM431",0,"Verrucomicrobiota","TB_IFNpositive"
"1073","P02-F11-HLM418",0,"Verrucomicrobiota","TB_IFNpositive"
"1074","P02-D11-HLM416",0,"Verrucomicrobiota","TB_IFNpositive"
"1075","P02-B10-HLM406",0,"Verrucomicrobiota","TB_IFNpositive"
"1076","P02-A11-HLM413",0,"Verrucomicrobiota","TB_IFNpositive"
"1077","P03-A01-HLM429",0,"Verrucomicrobiota","TB_IFNpositive"
"1078","P02-G12-HLM427",0,"Verrucomicrobiota","TB_IFNpositive"
"1079","P02-F09-HLM402",0,"Verrucomicrobiota","TB_IFNpositive"
"1080","P02-D09-HLM400",0,"Verrucomicrobiota","TB_IFNpositive"
